mean_fit_time,std_fit_time,mean_score_time,std_score_time,param_colsample_bytree,param_learning_rate,param_max_depth,param_n_estimators,param_subsample,params,split0_test_score,split1_test_score,split2_test_score,mean_test_score,std_test_score,rank_test_score
28.01446596781413,0.6610976287526105,0.07309285799662273,0.0029810155813904324,0.6,0.01,3,30,0.6,"{'colsample_bytree': 0.6, 'learning_rate': 0.01, 'max_depth': 3, 'n_estimators': 30, 'subsample': 0.6}",0.6462687181905676,0.6588695156175344,0.6581250817269964,0.6544211051783662,0.005772613830462184,149
30.070173581441242,0.3228123329281295,0.0754076639811198,0.0022480712682202897,0.6,0.01,3,30,0.8,"{'colsample_bytree': 0.6, 'learning_rate': 0.01, 'max_depth': 3, 'n_estimators': 30, 'subsample': 0.8}",0.6483766379695561,0.6620018052949578,0.6583639484976913,0.6562474639207351,0.005760261937601353,148
31.463648080825806,1.224128695410692,0.06690096855163574,0.0006046304880750134,0.6,0.01,3,30,1.0,"{'colsample_bytree': 0.6, 'learning_rate': 0.01, 'max_depth': 3, 'n_estimators': 30, 'subsample': 1.0}",0.644393234675369,0.6557459040111762,0.6539798938888167,0.651373010858454,0.004987828827090929,153
47.53349367777506,1.3782910092372211,0.1125940481821696,0.0077846499307599685,0.6,0.01,3,50,0.6,"{'colsample_bytree': 0.6, 'learning_rate': 0.01, 'max_depth': 3, 'n_estimators': 50, 'subsample': 0.6}",0.6552081881029586,0.6695653747844711,0.6679743893046093,0.6642493173973463,0.006425953775518987,146
50.5516893863678,0.663005727010707,0.11055199305216472,0.0035587750091879257,0.6,0.01,3,50,0.8,"{'colsample_bytree': 0.6, 'learning_rate': 0.01, 'max_depth': 3, 'n_estimators': 50, 'subsample': 0.8}",0.6571009247138715,0.6696472732106096,0.6679555910488871,0.6649012629911227,0.005558741168270361,145
53.479580799738564,1.158618837077783,0.1112367312113444,0.000516541296609877,0.6,0.01,3,50,1.0,"{'colsample_bytree': 0.6, 'learning_rate': 0.01, 'max_depth': 3, 'n_estimators': 50, 'subsample': 1.0}",0.6536019854167232,0.6686648279308129,0.6665835157752894,0.6629501097076086,0.006664509778949112,147
46.15905968348185,1.0242621223535402,0.11497259140014648,0.0007896740792983688,0.6,0.01,5,30,0.6,"{'colsample_bytree': 0.6, 'learning_rate': 0.01, 'max_depth': 5, 'n_estimators': 30, 'subsample': 0.6}",0.6894751270632931,0.6976789268885666,0.6978886063004968,0.6950142200841188,0.003917665545021013,126
47.892412741978966,1.2999357199274906,0.12180527051289876,0.001978059588876786,0.6,0.01,5,30,0.8,"{'colsample_bytree': 0.6, 'learning_rate': 0.01, 'max_depth': 5, 'n_estimators': 30, 'subsample': 0.8}",0.6901376700753962,0.6995749625925545,0.6996705693872364,0.696461067351729,0.004471487448306769,125
49.68273893992106,1.524190251493444,0.13115564982096353,0.011261546168356357,0.6,0.01,5,30,1.0,"{'colsample_bytree': 0.6, 'learning_rate': 0.01, 'max_depth': 5, 'n_estimators': 30, 'subsample': 1.0}",0.6887196638280632,0.7041355515620055,0.7024792714160881,0.6984448289353855,0.006909893547368692,123
76.03924242655437,1.8317286738762124,0.18788758913675943,0.003981450550181108,0.6,0.01,5,50,0.6,"{'colsample_bytree': 0.6, 'learning_rate': 0.01, 'max_depth': 5, 'n_estimators': 50, 'subsample': 0.6}",0.6969979288870207,0.7104541326374924,0.7094248805244415,0.7056256473496516,0.006115171536480413,112
79.49445740381877,1.8776907635546471,0.18668270111083984,0.007555196409399356,0.6,0.01,5,50,0.8,"{'colsample_bytree': 0.6, 'learning_rate': 0.01, 'max_depth': 5, 'n_estimators': 50, 'subsample': 0.8}",0.6988905642465786,0.7091927849205693,0.7116259993003825,0.70656978282251,0.005520140789704035,110
85.27090565363567,1.3522283354659237,0.19639166196187338,0.007900780629723266,0.6,0.01,5,50,1.0,"{'colsample_bytree': 0.6, 'learning_rate': 0.01, 'max_depth': 5, 'n_estimators': 50, 'subsample': 1.0}",0.6959258051935854,0.7115217640318862,0.7138292453629234,0.707092271529465,0.007951880085699666,109
86.85137128829956,2.868346109963148,0.24952244758605957,0.002041111866690094,0.6,0.01,10,30,0.6,"{'colsample_bytree': 0.6, 'learning_rate': 0.01, 'max_depth': 10, 'n_estimators': 30, 'subsample': 0.6}",0.7248791540906508,0.735838362776269,0.7374053579828163,0.7327076249499119,0.0055724073487175355,75
91.64025704065959,1.9081387808687569,0.2571280002593994,0.002234451656123506,0.6,0.01,10,30,0.8,"{'colsample_bytree': 0.6, 'learning_rate': 0.01, 'max_depth': 10, 'n_estimators': 30, 'subsample': 0.8}",0.7292618796877599,0.7372036318855346,0.7441253063471225,0.7368636059734723,0.006072730096105479,64
96.26404118537903,3.2048077332299916,0.2599669297536214,0.0021423115130560634,0.6,0.01,10,30,1.0,"{'colsample_bytree': 0.6, 'learning_rate': 0.01, 'max_depth': 10, 'n_estimators': 30, 'subsample': 1.0}",0.7307931909855871,0.742884109108598,0.7494868889747138,0.7410547296896329,0.007740523579236284,52
139.52509474754333,4.448835926366937,0.4374845822652181,0.042144289693025354,0.6,0.01,10,50,0.6,"{'colsample_bytree': 0.6, 'learning_rate': 0.01, 'max_depth': 10, 'n_estimators': 50, 'subsample': 0.6}",0.7315834480085522,0.7434690673390728,0.7472801240643405,0.7407775464706553,0.0066847898615157155,53
149.39191738764444,2.552954825648816,0.4202140172322591,0.007210634052195624,0.6,0.01,10,50,0.8,"{'colsample_bytree': 0.6, 'learning_rate': 0.01, 'max_depth': 10, 'n_estimators': 50, 'subsample': 0.8}",0.7367727843315969,0.7458742571162977,0.7535138915167795,0.7453869776548913,0.006843208234036366,47
155.0896254380544,6.803007612847123,0.40044458707173664,0.008567582965101612,0.6,0.01,10,50,1.0,"{'colsample_bytree': 0.6, 'learning_rate': 0.01, 'max_depth': 10, 'n_estimators': 50, 'subsample': 1.0}",0.7379842289946298,0.7497286657724,0.7573266234276708,0.7483465060649003,0.007956750999145765,46
29.14645528793335,0.9705752198505353,0.07136495908101399,0.0009467272718209167,0.6,0.05,3,30,0.6,"{'colsample_bytree': 0.6, 'learning_rate': 0.05, 'max_depth': 3, 'n_estimators': 30, 'subsample': 0.6}",0.6807624059402013,0.6926340929294986,0.6935160217946819,0.6889708402214606,0.005815395924791666,133
29.989978710810345,0.7900713519034407,0.07304199536641438,0.00248604969823406,0.6,0.05,3,30,0.8,"{'colsample_bytree': 0.6, 'learning_rate': 0.05, 'max_depth': 3, 'n_estimators': 30, 'subsample': 0.8}",0.6802533934258381,0.6947087725605949,0.6946614883311958,0.6898745514392096,0.006803213460724977,131
31.31344262758891,0.8187315544618983,0.06825375556945801,0.0038244520029719945,0.6,0.05,3,30,1.0,"{'colsample_bytree': 0.6, 'learning_rate': 0.05, 'max_depth': 3, 'n_estimators': 30, 'subsample': 1.0}",0.6772433010553427,0.6946062044690688,0.6942117537120249,0.6886870864121454,0.008093580391040942,135
46.51479037602743,1.4827831574555324,0.10939860343933105,0.002185827575143205,0.6,0.05,3,50,0.6,"{'colsample_bytree': 0.6, 'learning_rate': 0.05, 'max_depth': 3, 'n_estimators': 50, 'subsample': 0.6}",0.6927416242391384,0.7111845167961922,0.7106071720193562,0.7048444376848956,0.008561226614799834,114
48.346660137176514,0.8170728475436593,0.10900306701660156,0.0032750233814287325,0.6,0.05,3,50,0.8,"{'colsample_bytree': 0.6, 'learning_rate': 0.05, 'max_depth': 3, 'n_estimators': 50, 'subsample': 0.8}",0.6930206586516543,0.7107491917581081,0.7129329588121907,0.7055676030739844,0.008916709796384302,113
51.96148705482483,0.9591012967114276,0.11699239412943523,0.002776461189988118,0.6,0.05,3,50,1.0,"{'colsample_bytree': 0.6, 'learning_rate': 0.05, 'max_depth': 3, 'n_estimators': 50, 'subsample': 1.0}",0.6930121018225588,0.7130730561905954,0.7131483872129747,0.7064111817420429,0.009474630184771534,111
45.568094968795776,1.163408938767937,0.11543869972229004,0.005420111475675238,0.6,0.05,5,30,0.6,"{'colsample_bytree': 0.6, 'learning_rate': 0.05, 'max_depth': 5, 'n_estimators': 30, 'subsample': 0.6}",0.7125578189635503,0.7264943773412367,0.7316587736367253,0.7235703233138374,0.008067390586926005,91
47.6343252658844,1.077602811033385,0.12247212727864583,0.004929429170810328,0.6,0.05,5,30,0.8,"{'colsample_bytree': 0.6, 'learning_rate': 0.05, 'max_depth': 5, 'n_estimators': 30, 'subsample': 0.8}",0.7132834972073742,0.7298258373693803,0.7339120559713924,0.7256737968493824,0.008918667296927188,89
49.7062714099884,1.2562472060739496,0.12157662709554036,0.0056580905976228515,0.6,0.05,5,30,1.0,"{'colsample_bytree': 0.6, 'learning_rate': 0.05, 'max_depth': 5, 'n_estimators': 30, 'subsample': 1.0}",0.712656679887744,0.7317119861519209,0.7329215698453883,0.7257634119616844,0.009281005420442315,88
74.60119533538818,1.9222844335672218,0.2035669485727946,0.022288143562951352,0.6,0.05,5,50,0.6,"{'colsample_bytree': 0.6, 'learning_rate': 0.05, 'max_depth': 5, 'n_estimators': 50, 'subsample': 0.6}",0.7230604670585589,0.7427788984838591,0.7455819149114415,0.7371404268179532,0.010021582556095176,63
78.2154803276062,1.5050886937580794,0.19480673472086588,0.007812731954893784,0.6,0.05,5,50,0.8,"{'colsample_bytree': 0.6, 'learning_rate': 0.05, 'max_depth': 5, 'n_estimators': 50, 'subsample': 0.8}",0.7246646891338501,0.7422723085223559,0.7478394702963763,0.7382588226508608,0.009877539238537224,62
82.22070693969727,2.505243905423531,0.18874526023864746,0.002319181635091206,0.6,0.05,5,50,1.0,"{'colsample_bytree': 0.6, 'learning_rate': 0.05, 'max_depth': 5, 'n_estimators': 50, 'subsample': 1.0}",0.7232548007202317,0.7430299294425996,0.7487214720195389,0.7383354007274567,0.010913807360700299,61
82.83699854214986,2.243408432576782,0.25456666946411133,0.007389519650539681,0.6,0.05,10,30,0.6,"{'colsample_bytree': 0.6, 'learning_rate': 0.05, 'max_depth': 10, 'n_estimators': 30, 'subsample': 0.6}",0.743849050424926,0.7589111350250064,0.7674734612760661,0.756744548908666,0.009765543800031655,39
88.84154121081035,1.4085006656622823,0.26920398076375324,0.0014408160226603009,0.6,0.05,10,30,0.8,"{'colsample_bytree': 0.6, 'learning_rate': 0.05, 'max_depth': 10, 'n_estimators': 30, 'subsample': 0.8}",0.747036470966528,0.7628205855479621,0.7686427888213774,0.7594999484452892,0.009127913813752163,30
96.95354294776917,1.94414767781894,0.2651386260986328,0.014012734712978618,0.6,0.05,10,30,1.0,"{'colsample_bytree': 0.6, 'learning_rate': 0.05, 'max_depth': 10, 'n_estimators': 30, 'subsample': 1.0}",0.7495750610425939,0.7658970204147741,0.7746701937695529,0.7633807584089736,0.010398400598402923,27
140.48429338137308,4.5036724641569155,0.41507736841837567,0.011487577921750524,0.6,0.05,10,50,0.6,"{'colsample_bytree': 0.6, 'learning_rate': 0.05, 'max_depth': 10, 'n_estimators': 50, 'subsample': 0.6}",0.7536066379820232,0.7709779557457025,0.7801612050761352,0.768248599601287,0.011011306223187682,22
147.09963448842367,3.3834293870589147,0.4520445664723714,0.01452517069959193,0.6,0.05,10,50,0.8,"{'colsample_bytree': 0.6, 'learning_rate': 0.05, 'max_depth': 10, 'n_estimators': 50, 'subsample': 0.8}",0.7553799677589451,0.7744704865600731,0.7800530289830483,0.7699678277673554,0.01056394622272106,17
154.49742952982584,5.430710477750134,0.4149800141652425,0.006481493418021581,0.6,0.05,10,50,1.0,"{'colsample_bytree': 0.6, 'learning_rate': 0.05, 'max_depth': 10, 'n_estimators': 50, 'subsample': 1.0}",0.7581614896337789,0.7756943953558948,0.7851755827674671,0.7730104892523803,0.011190556165453579,13
29.653486490249634,1.0980945373740132,0.07979559898376465,0.0004665467614065691,0.6,0.1,3,30,0.6,"{'colsample_bytree': 0.6, 'learning_rate': 0.1, 'max_depth': 3, 'n_estimators': 30, 'subsample': 0.6}",0.6977977883434633,0.7146481110760675,0.7141341928380435,0.7088600307525247,0.007824999822213928,105
29.831557273864746,0.800773589521027,0.07222310702006023,0.0024498671857032792,0.6,0.1,3,30,0.8,"{'colsample_bytree': 0.6, 'learning_rate': 0.1, 'max_depth': 3, 'n_estimators': 30, 'subsample': 0.8}",0.7001963552775256,0.7176522558058797,0.718847413757833,0.7122320082804127,0.008524467062010774,100
30.687419017155964,0.7407818982021828,0.07169810930887859,0.003507445853290879,0.6,0.1,3,30,1.0,"{'colsample_bytree': 0.6, 'learning_rate': 0.1, 'max_depth': 3, 'n_estimators': 30, 'subsample': 1.0}",0.6996238029281439,0.7173830787606466,0.7189768999186515,0.7119945938691473,0.008771636785702582,101
46.68696355819702,1.2032019002166088,0.11664334932963054,0.004001799245036361,0.6,0.1,3,50,0.6,"{'colsample_bytree': 0.6, 'learning_rate': 0.1, 'max_depth': 3, 'n_estimators': 50, 'subsample': 0.6}",0.7149594242584975,0.7346055415296657,0.7361942882801837,0.7285864180227822,0.009657544489438091,87
48.82790541648865,0.6873196944051004,0.11426122983296712,0.001856830775975162,0.6,0.1,3,50,0.8,"{'colsample_bytree': 0.6, 'learning_rate': 0.1, 'max_depth': 3, 'n_estimators': 50, 'subsample': 0.8}",0.7167673958517309,0.7360469714073057,0.7397292666703686,0.7308478779764683,0.010069253770757913,78
51.05327129364014,1.602530946246835,0.1096045970916748,0.004889121405958617,0.6,0.1,3,50,1.0,"{'colsample_bytree': 0.6, 'learning_rate': 0.1, 'max_depth': 3, 'n_estimators': 50, 'subsample': 1.0}",0.7159616297162299,0.7345833932919247,0.7391039962281033,0.7298830064120859,0.01001540511936786,83
43.60950048764547,1.084625933893687,0.12236062685648601,0.011594015894306621,0.6,0.1,5,30,0.6,"{'colsample_bytree': 0.6, 'learning_rate': 0.1, 'max_depth': 5, 'n_estimators': 30, 'subsample': 0.6}",0.7248982040715551,0.742440766283994,0.7488104864864902,0.7387164856140132,0.010111116405702454,59
46.69669699668884,0.9317590657403009,0.12641382217407227,0.0009114812022820508,0.6,0.1,5,30,0.8,"{'colsample_bytree': 0.6, 'learning_rate': 0.1, 'max_depth': 5, 'n_estimators': 30, 'subsample': 0.8}",0.7262786851115179,0.7473976892355075,0.7523490125353305,0.7420084622941188,0.011304816621409416,50
48.721205711364746,1.2234264489937086,0.11736003557840984,0.0026268249733227716,0.6,0.1,5,30,1.0,"{'colsample_bytree': 0.6, 'learning_rate': 0.1, 'max_depth': 5, 'n_estimators': 30, 'subsample': 1.0}",0.7305819356724722,0.749194020592057,0.7533198125950806,0.7443652562865366,0.00989075276122847,48
72.7886217435201,2.4710052551888655,0.19168424606323242,0.0069960476974748765,0.6,0.1,5,50,0.6,"{'colsample_bytree': 0.6, 'learning_rate': 0.1, 'max_depth': 5, 'n_estimators': 50, 'subsample': 0.6}",0.7419472073834869,0.7619915004965409,0.7693447559580358,0.7577611546126878,0.011578090996834376,36
75.49885662396748,1.216147063060189,0.18615500132242838,0.0017957539798938028,0.6,0.1,5,50,0.8,"{'colsample_bytree': 0.6, 'learning_rate': 0.1, 'max_depth': 5, 'n_estimators': 50, 'subsample': 0.8}",0.7412499215922668,0.763098660265769,0.7703700390399976,0.7582395402993445,0.01237480222544959,34
81.73926202456157,1.5367069570043068,0.18736759821573892,0.009421980158994335,0.6,0.1,5,50,1.0,"{'colsample_bytree': 0.6, 'learning_rate': 0.1, 'max_depth': 5, 'n_estimators': 50, 'subsample': 1.0}",0.7466003025348026,0.7645339274198377,0.7700574584683727,0.7603972294743376,0.010013116183026615,29
84.46159426371257,2.9986629581296977,0.2514039675394694,0.0047214950019751735,0.6,0.1,10,30,0.6,"{'colsample_bytree': 0.6, 'learning_rate': 0.1, 'max_depth': 10, 'n_estimators': 30, 'subsample': 0.6}",0.7538716342451407,0.7722656388416558,0.7792871275271057,0.7684748002046341,0.01071648785346999,20
87.07428916295369,1.5007147929190157,0.29433520634969074,0.02901635426939708,0.6,0.1,10,30,0.8,"{'colsample_bytree': 0.6, 'learning_rate': 0.1, 'max_depth': 10, 'n_estimators': 30, 'subsample': 0.8}",0.7578751063229835,0.7770601685534354,0.7863781452231814,0.7737711400332001,0.011866453783438969,11
92.19183127085368,2.8685787237609324,0.2583007017771403,0.00604166830192872,0.6,0.1,10,30,1.0,"{'colsample_bytree': 0.6, 'learning_rate': 0.1, 'max_depth': 10, 'n_estimators': 30, 'subsample': 1.0}",0.7613098486125917,0.7790465350736321,0.7874519944671576,0.7759361260511272,0.010896755807297586,10
129.93144114812216,3.4498702557193615,0.42999982833862305,0.007117281358771486,0.6,0.1,10,50,0.6,"{'colsample_bytree': 0.6, 'learning_rate': 0.1, 'max_depth': 10, 'n_estimators': 50, 'subsample': 0.6}",0.7655160587164876,0.7859948042316026,0.7934634211328889,0.7816580946936598,0.011814371297161303,7
137.26757661501566,2.3657571392113868,0.4307136535644531,0.020432373329102776,0.6,0.1,10,50,0.8,"{'colsample_bytree': 0.6, 'learning_rate': 0.1, 'max_depth': 10, 'n_estimators': 50, 'subsample': 0.8}",0.7682412585699127,0.7901067414931228,0.7971975654943335,0.7851818551857898,0.012323630594118326,3
145.22524293263754,3.1997622858085384,0.4155893325805664,0.010597347318537178,0.6,0.1,10,50,1.0,"{'colsample_bytree': 0.6, 'learning_rate': 0.1, 'max_depth': 10, 'n_estimators': 50, 'subsample': 1.0}",0.7693211998363525,0.7901182549123481,0.7977867516009739,0.7857420687832248,0.012025948696981132,1
36.366557677586876,0.9538334495584654,0.0720524787902832,0.0036096678069753823,0.8,0.01,3,30,0.6,"{'colsample_bytree': 0.8, 'learning_rate': 0.01, 'max_depth': 3, 'n_estimators': 30, 'subsample': 0.6}",0.6380931072427178,0.653057360802202,0.6514581725312717,0.6475362135253971,0.006709125277359377,156
38.17459297180176,0.7477011778823567,0.07098229726155598,0.0070443844208511455,0.8,0.01,3,30,0.8,"{'colsample_bytree': 0.8, 'learning_rate': 0.01, 'max_depth': 3, 'n_estimators': 30, 'subsample': 0.8}",0.6366147711337544,0.6525951439262219,0.6502087920614118,0.646472902373796,0.007038500430493408,157
40.35836219787598,0.9263002771498255,0.06995511054992676,0.002115366645201681,0.8,0.01,3,30,1.0,"{'colsample_bytree': 0.8, 'learning_rate': 0.01, 'max_depth': 3, 'n_estimators': 30, 'subsample': 1.0}",0.6348066559764529,0.645791748130006,0.6442455765148106,0.6416146602070899,0.004855193293041072,159
62.28544306755066,1.4899032038288402,0.1096947193145752,0.00470853286274038,0.8,0.01,3,50,0.6,"{'colsample_bytree': 0.8, 'learning_rate': 0.01, 'max_depth': 3, 'n_estimators': 50, 'subsample': 0.6}",0.6441366130202079,0.6608034424075029,0.6582582762482518,0.6543994438919875,0.007330927218372609,150
63.88034152984619,1.2861081536959105,0.10920548439025879,0.0016215313749693688,0.8,0.01,3,50,0.8,"{'colsample_bytree': 0.8, 'learning_rate': 0.01, 'max_depth': 3, 'n_estimators': 50, 'subsample': 0.8}",0.642129040181787,0.659610618337307,0.6567768154890076,0.6528388246693672,0.007660819036872765,151
67.11060849825542,1.7389371459008889,0.11014604568481445,0.00598133431619227,0.8,0.01,3,50,1.0,"{'colsample_bytree': 0.8, 'learning_rate': 0.01, 'max_depth': 3, 'n_estimators': 50, 'subsample': 1.0}",0.6429085787337878,0.6577993196546587,0.6573491815605959,0.6526856933163474,0.0069159059780724156,152
57.89392097791036,1.3432213751648427,0.11727460225423177,0.0027620613468644175,0.8,0.01,5,30,0.6,"{'colsample_bytree': 0.8, 'learning_rate': 0.01, 'max_depth': 5, 'n_estimators': 30, 'subsample': 0.6}",0.6831570497670507,0.6924102178598259,0.6906493762053263,0.688738881277401,0.004011880115399725,134
60.89964532852173,1.5250371963227927,0.11838563283284505,0.0040231596544458,0.8,0.01,5,30,0.8,"{'colsample_bytree': 0.8, 'learning_rate': 0.01, 'max_depth': 5, 'n_estimators': 30, 'subsample': 0.8}",0.6843177650260752,0.6946911043579604,0.6921795251393663,0.6903961315078005,0.004418665851245219,130
64.16702922185262,1.7708769006595995,0.1175549825032552,0.00487993147419162,0.8,0.01,5,30,1.0,"{'colsample_bytree': 0.8, 'learning_rate': 0.01, 'max_depth': 5, 'n_estimators': 30, 'subsample': 1.0}",0.6803270709674836,0.6945957579278265,0.6935735570316329,0.689498795308981,0.006498800874795127,132
95.7339273293813,2.9463938743854623,0.18464104334513345,0.003577308518871312,0.8,0.01,5,50,0.6,"{'colsample_bytree': 0.8, 'learning_rate': 0.01, 'max_depth': 5, 'n_estimators': 50, 'subsample': 0.6}",0.6912495016290015,0.7053482111733391,0.7031928186151281,0.6999301771391563,0.0062009152418251055,122
101.54138890902202,1.3832837700258274,0.18115830421447754,0.0045666686467282875,0.8,0.01,5,50,0.8,"{'colsample_bytree': 0.8, 'learning_rate': 0.01, 'max_depth': 5, 'n_estimators': 50, 'subsample': 0.8}",0.6916581445331366,0.704453174015911,0.7056553453784328,0.7005888879758267,0.006334031776869169,120
106.85201867421468,3.784996975050345,0.18621365229288736,0.0033790178618227024,0.8,0.01,5,50,1.0,"{'colsample_bytree': 0.8, 'learning_rate': 0.01, 'max_depth': 5, 'n_estimators': 50, 'subsample': 1.0}",0.689859596316486,0.7049459882726203,0.7059261391551875,0.7002439079147647,0.007353711963616635,121
107.00460529327393,2.494290684598314,0.24149465560913086,0.004599935749806647,0.8,0.01,10,30,0.6,"{'colsample_bytree': 0.8, 'learning_rate': 0.01, 'max_depth': 10, 'n_estimators': 30, 'subsample': 0.6}",0.7192350706278786,0.730722601955348,0.735935370697224,0.7286310144268168,0.006976439368506679,86
125.12394603093465,1.0519618017494616,0.2547782262166341,0.012095908010353526,0.8,0.01,10,30,0.8,"{'colsample_bytree': 0.8, 'learning_rate': 0.01, 'max_depth': 10, 'n_estimators': 30, 'subsample': 0.8}",0.7229517007612546,0.7344917068681264,0.7417331318698878,0.7330588464997563,0.007734138833704233,73
130.89695914586386,6.079861860208583,0.2650607426961263,0.00762726492349416,0.8,0.01,10,30,1.0,"{'colsample_bytree': 0.8, 'learning_rate': 0.01, 'max_depth': 10, 'n_estimators': 30, 'subsample': 1.0}",0.725536285395714,0.7373360575817668,0.7433938068371333,0.7354220499382048,0.007414865112389565,67
184.75446772575378,5.4142818228798495,0.42552606264750165,0.016437273861410636,0.8,0.01,10,50,0.6,"{'colsample_bytree': 0.8, 'learning_rate': 0.01, 'max_depth': 10, 'n_estimators': 50, 'subsample': 0.6}",0.7262534461873276,0.7374208112850819,0.7447151838547176,0.736129813775709,0.007592054853673761,66
196.01324439048767,4.726502483040543,0.43437759081522626,0.012461064837930169,0.8,0.01,10,50,0.8,"{'colsample_bytree': 0.8, 'learning_rate': 0.01, 'max_depth': 10, 'n_estimators': 50, 'subsample': 0.8}",0.7278771907483508,0.7426182516116658,0.7500029581234404,0.7401661334944857,0.009197719207484635,56
205.95893772443137,6.159255208324911,0.41620969772338867,0.002899371047896708,0.8,0.01,10,50,1.0,"{'colsample_bytree': 0.8, 'learning_rate': 0.01, 'max_depth': 10, 'n_estimators': 50, 'subsample': 1.0}",0.7296153551400857,0.7437521275207705,0.7529329589864397,0.7421001472157652,0.009590774785524201,49
39.019018252690636,0.9589771378829042,0.07672373453776042,0.0019188168224039573,0.8,0.05,3,30,0.6,"{'colsample_bytree': 0.8, 'learning_rate': 0.05, 'max_depth': 3, 'n_estimators': 30, 'subsample': 0.6}",0.6735340837719793,0.6901085224735365,0.6910012649652041,0.6848812904035734,0.00803195995359269,137
39.6916606426239,1.5174293153953025,0.07689166069030762,0.005948260118361413,0.8,0.05,3,30,0.8,"{'colsample_bytree': 0.8, 'learning_rate': 0.05, 'max_depth': 3, 'n_estimators': 30, 'subsample': 0.8}",0.6747641859894608,0.6891273896375868,0.6923284980770773,0.6854066912347082,0.007638017292102502,136
41.698045333226524,1.053913249393812,0.0804586410522461,0.003711516694756087,0.8,0.05,3,30,1.0,"{'colsample_bytree': 0.8, 'learning_rate': 0.05, 'max_depth': 3, 'n_estimators': 30, 'subsample': 1.0}",0.672347960034033,0.6887457731114239,0.6893434429826314,0.6834790587093628,0.007874656420385755,138
61.98003077507019,1.4262943578150782,0.12020301818847656,0.007654471928993474,0.8,0.05,3,50,0.6,"{'colsample_bytree': 0.8, 'learning_rate': 0.05, 'max_depth': 3, 'n_estimators': 50, 'subsample': 0.6}",0.6893300305004364,0.7106136714260647,0.7068891908000475,0.7022776309088495,0.009280740136984383,115
65.30061634381612,0.9510210611089462,0.11504260698954265,0.0011581321375878845,0.8,0.05,3,50,0.8,"{'colsample_bytree': 0.8, 'learning_rate': 0.05, 'max_depth': 3, 'n_estimators': 50, 'subsample': 0.8}",0.6893954188552991,0.7091600411106252,0.7081416564935619,0.702232372153162,0.009086613020838373,116
69.48914257685344,1.161781770173033,0.12201380729675293,0.005206125464727486,0.8,0.05,3,50,1.0,"{'colsample_bytree': 0.8, 'learning_rate': 0.05, 'max_depth': 3, 'n_estimators': 50, 'subsample': 1.0}",0.6887375105921429,0.7091706878917394,0.7075137953789152,0.7018073312875992,0.009266480200460718,117
60.080541690190636,1.8294818041095144,0.12054093678792317,0.0033324570654911165,0.8,0.05,5,30,0.6,"{'colsample_bytree': 0.8, 'learning_rate': 0.05, 'max_depth': 5, 'n_estimators': 30, 'subsample': 0.6}",0.7081534585037249,0.7241816909162588,0.7294541965886538,0.7205964486695459,0.009057992132785174,95
62.9751763343811,1.6722818534389128,0.12050930658976237,0.00528734729427802,0.8,0.05,5,30,0.8,"{'colsample_bytree': 0.8, 'learning_rate': 0.05, 'max_depth': 5, 'n_estimators': 30, 'subsample': 0.8}",0.7089416847743524,0.7255170715792167,0.7300721896790655,0.7215103153442115,0.009079835939306804,93
66.49466443061829,0.9413241501958766,0.11838285128275554,0.0035713607528714687,0.8,0.05,5,30,1.0,"{'colsample_bytree': 0.8, 'learning_rate': 0.05, 'max_depth': 5, 'n_estimators': 30, 'subsample': 1.0}",0.7097930106138527,0.7257598425880528,0.7296072349492363,0.7217200293837139,0.00857869219044838,92
118.6059254805247,24.46554872770234,0.18461267153422037,0.004762149058120826,0.8,0.05,5,50,0.6,"{'colsample_bytree': 0.8, 'learning_rate': 0.05, 'max_depth': 5, 'n_estimators': 50, 'subsample': 0.6}",0.7198568336120916,0.7387512178812765,0.7439285695622296,0.7341788736851993,0.010345429473889832,70
163.02574586868286,0.7755490407325093,0.19309385617574057,0.00810622913775061,0.8,0.05,5,50,0.8,"{'colsample_bytree': 0.8, 'learning_rate': 0.05, 'max_depth': 5, 'n_estimators': 50, 'subsample': 0.8}",0.7216716963085783,0.740467584433421,0.7463466768173334,0.7361619858531109,0.010523538699123874,65
113.20891094207764,3.1587144300396197,0.19605573018391928,0.014109273451193451,0.8,0.05,5,50,1.0,"{'colsample_bytree': 0.8, 'learning_rate': 0.05, 'max_depth': 5, 'n_estimators': 50, 'subsample': 1.0}",0.7217245562986623,0.7393828701029342,0.7451204115746393,0.7354092793254119,0.00995602259184603,68
113.9446526368459,2.894539651025049,0.25008336702982586,0.009979197467355127,0.8,0.05,10,30,0.6,"{'colsample_bytree': 0.8, 'learning_rate': 0.05, 'max_depth': 10, 'n_estimators': 30, 'subsample': 0.6}",0.7416360412582259,0.7573864848987796,0.7644305871023184,0.7544843710864413,0.009529411611582033,42
120.67764608065288,2.772981709750042,0.2662375768025716,0.010221588983881508,0.8,0.05,10,30,0.8,"{'colsample_bytree': 0.8, 'learning_rate': 0.05, 'max_depth': 10, 'n_estimators': 30, 'subsample': 0.8}",0.7450244820094866,0.7596835335219969,0.7668106526318653,0.757172889387783,0.009069612563329154,38
125.34615874290466,4.9939604472633485,0.25301535924275714,0.006118822221251789,0.8,0.05,10,30,1.0,"{'colsample_bytree': 0.8, 'learning_rate': 0.05, 'max_depth': 10, 'n_estimators': 30, 'subsample': 1.0}",0.7451100849842548,0.762268513450532,0.7690161623100957,0.7587982535816274,0.010063371235842337,31
179.4355129400889,4.438077569367854,0.4277661641438802,0.011174349885363774,0.8,0.05,10,50,0.6,"{'colsample_bytree': 0.8, 'learning_rate': 0.05, 'max_depth': 10, 'n_estimators': 50, 'subsample': 0.6}",0.7523994228201358,0.7687513972995356,0.7776524333911097,0.7662677511702602,0.010458011579518896,24
193.41998982429504,2.527583025911911,0.4497578938802083,0.03581363004783046,0.8,0.05,10,50,0.8,"{'colsample_bytree': 0.8, 'learning_rate': 0.05, 'max_depth': 10, 'n_estimators': 50, 'subsample': 0.8}",0.7539263108278887,0.7720141959942839,0.7793868527593213,0.7684424531938312,0.010696660190140265,21
201.76868192354837,8.895007398132215,0.41799171765645343,0.0036988197009441837,0.8,0.05,10,50,1.0,"{'colsample_bytree': 0.8, 'learning_rate': 0.05, 'max_depth': 10, 'n_estimators': 50, 'subsample': 1.0}",0.7535466157135375,0.7738980447253403,0.7815001950701786,0.7696482851696854,0.01180101667718132,18
36.7169414361318,1.285382901863121,0.07614930470784505,0.0027087203786485678,0.8,0.1,3,30,0.6,"{'colsample_bytree': 0.8, 'learning_rate': 0.1, 'max_depth': 3, 'n_estimators': 30, 'subsample': 0.6}",0.6950027006838402,0.7160701518086449,0.7148333841715767,0.708635412221354,0.00965299664856532,106
38.699986696243286,0.9105477573619288,0.08141024907430013,0.004120925211980717,0.8,0.1,3,30,0.8,"{'colsample_bytree': 0.8, 'learning_rate': 0.1, 'max_depth': 3, 'n_estimators': 30, 'subsample': 0.8}",0.6971405152661061,0.7162474890791465,0.7173144005997865,0.7102341349816795,0.00926882707395283,102
40.87892436981201,1.1955445209695028,0.07338762283325195,0.003183081301942159,0.8,0.1,3,30,1.0,"{'colsample_bytree': 0.8, 'learning_rate': 0.1, 'max_depth': 3, 'n_estimators': 30, 'subsample': 1.0}",0.6967694310914998,0.7159864115614544,0.7171121846609587,0.7099560091046376,0.009335638561995261,103
58.233465353647865,1.6134555684202456,0.10992757479349773,0.0041135876258965864,0.8,0.1,3,50,0.6,"{'colsample_bytree': 0.8, 'learning_rate': 0.1, 'max_depth': 3, 'n_estimators': 50, 'subsample': 0.6}",0.7152794590271329,0.7368324554931502,0.7379970761903144,0.7300363302368659,0.010445510080653482,82
60.77661577860514,1.4429928039979938,0.1136159896850586,0.0026720295135158603,0.8,0.1,3,50,0.8,"{'colsample_bytree': 0.8, 'learning_rate': 0.1, 'max_depth': 3, 'n_estimators': 50, 'subsample': 0.8}",0.7159588842108611,0.736194548295581,0.7417892742402803,0.7313142355822407,0.011095505138056953,76
63.76820127169291,1.713407900930293,0.10985898971557617,0.0034670968311868787,0.8,0.1,3,50,1.0,"{'colsample_bytree': 0.8, 'learning_rate': 0.1, 'max_depth': 3, 'n_estimators': 50, 'subsample': 1.0}",0.715266567869237,0.7352589708068867,0.7374873317434885,0.7293376234732042,0.009991241246658407,84
54.966414292653404,1.415989329715735,0.12226208051045735,0.006363093821699262,0.8,0.1,5,30,0.6,"{'colsample_bytree': 0.8, 'learning_rate': 0.1, 'max_depth': 5, 'n_estimators': 30, 'subsample': 0.6}",0.7262121248558102,0.741919397217128,0.749335072372652,0.7391555314818635,0.009640086127505349,58
58.78508059183756,1.3851582057548082,0.11947909990946452,0.0019936980360163825,0.8,0.1,5,30,0.8,"{'colsample_bytree': 0.8, 'learning_rate': 0.1, 'max_depth': 5, 'n_estimators': 30, 'subsample': 0.8}",0.7258959402037441,0.7448218735105172,0.7502293562308968,0.7403157233150527,0.01043257162530524,55
63.37818201382955,1.133817246635659,0.12282236417134602,0.0004260586630588615,0.8,0.1,5,30,1.0,"{'colsample_bytree': 0.8, 'learning_rate': 0.1, 'max_depth': 5, 'n_estimators': 30, 'subsample': 1.0}",0.7255798349193109,0.7475859392163496,0.7510396002250431,0.7414017914535679,0.011276307759181954,51
91.88608932495117,3.0533713675285106,0.1888256867726644,0.005130761929502337,0.8,0.1,5,50,0.6,"{'colsample_bytree': 0.8, 'learning_rate': 0.1, 'max_depth': 5, 'n_estimators': 50, 'subsample': 0.6}",0.7413117756883085,0.7616194052531273,0.7668360091676474,0.7565890633696943,0.011010597267333415,41
95.61306309700012,2.0633778898095816,0.18683711687723795,0.007592188141323343,0.8,0.1,5,50,0.8,"{'colsample_bytree': 0.8, 'learning_rate': 0.1, 'max_depth': 5, 'n_estimators': 50, 'subsample': 0.8}",0.7418644185660784,0.7626063125559897,0.7699295433357521,0.7581334248192735,0.011886066089145114,35
101.09305969874065,2.617122179190114,0.195680300394694,0.01299977449302154,0.8,0.1,5,50,1.0,"{'colsample_bytree': 0.8, 'learning_rate': 0.1, 'max_depth': 5, 'n_estimators': 50, 'subsample': 1.0}",0.742554405384939,0.7641137564279019,0.769176419623789,0.7586148604788766,0.011543000852667913,33
104.54288721084595,1.9099744963784593,0.2633713086446126,0.02576470440353825,0.8,0.1,10,30,0.6,"{'colsample_bytree': 0.8, 'learning_rate': 0.1, 'max_depth': 10, 'n_estimators': 30, 'subsample': 0.6}",0.7540197815726656,0.7723465662466305,0.779920415070279,0.7687622542965249,0.010873397905321497,19
113.47572867075603,2.6960624948209713,0.2568484942118327,0.006183589851509602,0.8,0.1,10,30,0.8,"{'colsample_bytree': 0.8, 'learning_rate': 0.1, 'max_depth': 10, 'n_estimators': 30, 'subsample': 0.8}",0.7582247152863312,0.7756893432689687,0.7833874276407905,0.7724338287320301,0.010527402479037858,14
119.3121527036031,3.9623272195591843,0.2763686974843343,0.014678677904530028,0.8,0.1,10,30,1.0,"{'colsample_bytree': 0.8, 'learning_rate': 0.1, 'max_depth': 10, 'n_estimators': 30, 'subsample': 1.0}",0.7576052066899815,0.7760131683226873,0.7855696682163357,0.7730626810763348,0.011605510425595288,12
168.96241935094199,3.78506032762843,0.42969489097595215,0.013533375293284817,0.8,0.1,10,50,0.6,"{'colsample_bytree': 0.8, 'learning_rate': 0.1, 'max_depth': 10, 'n_estimators': 50, 'subsample': 0.6}",0.7646247434855171,0.7839587949941967,0.7943832825093798,0.7809889403296979,0.012329035884309152,8
180.78449098269144,3.407049777395859,0.4625287850697835,0.010555712213098466,0.8,0.1,10,50,0.8,"{'colsample_bytree': 0.8, 'learning_rate': 0.1, 'max_depth': 10, 'n_estimators': 50, 'subsample': 0.8}",0.7702019711669854,0.7893711315779612,0.7955307337173616,0.7850346121541026,0.010785502727224828,4
192.9206116994222,4.293588899681267,0.43784228960673016,0.012143825786170053,0.8,0.1,10,50,1.0,"{'colsample_bytree': 0.8, 'learning_rate': 0.1, 'max_depth': 10, 'n_estimators': 50, 'subsample': 1.0}",0.7697252133990048,0.7909969867702696,0.7962084720133995,0.7856435573942248,0.011455279751347674,2
39.40336990356445,1.2434579595715238,0.07599639892578125,0.005488199497851329,1.0,0.01,3,30,0.6,"{'colsample_bytree': 1.0, 'learning_rate': 0.01, 'max_depth': 3, 'n_estimators': 30, 'subsample': 0.6}",0.6276475224535818,0.6421171559175338,0.6422515295430606,0.6373387359713921,0.006852942368241102,160
42.215382973353066,1.4395109546070655,0.07549746831258138,0.0053449320248780425,1.0,0.01,3,30,0.8,"{'colsample_bytree': 1.0, 'learning_rate': 0.01, 'max_depth': 3, 'n_estimators': 30, 'subsample': 0.8}",0.6258465067564191,0.6398806397314283,0.641711923291522,0.6358130232597897,0.007086935787223244,161
44.51589894294739,1.4944245398915346,0.07243784268697102,0.0070939852188346975,1.0,0.01,3,30,1.0,"{'colsample_bytree': 1.0, 'learning_rate': 0.01, 'max_depth': 3, 'n_estimators': 30, 'subsample': 1.0}",0.6224997428756944,0.6368485003561846,0.6367528231565678,0.632033688796149,0.00674163096697156,162
65.87573647499084,2.0104154016343894,0.10584386189778645,0.0026320190673020877,1.0,0.01,3,50,0.6,"{'colsample_bytree': 1.0, 'learning_rate': 0.01, 'max_depth': 3, 'n_estimators': 50, 'subsample': 0.6}",0.6376033424470042,0.6551193275450211,0.6566150763121703,0.6497792487680653,0.008631293342562546,154
69.875909725825,1.680941841070573,0.11919633547465007,0.0033886157923869176,1.0,0.01,3,50,0.8,"{'colsample_bytree': 1.0, 'learning_rate': 0.01, 'max_depth': 3, 'n_estimators': 50, 'subsample': 0.8}",0.6369200113028407,0.6551548422393217,0.6529870177451079,0.6483539570957567,0.008133314332871356,155
74.42494304974873,2.3509250183242,0.11217602094014485,0.003575977250923602,1.0,0.01,3,50,1.0,"{'colsample_bytree': 1.0, 'learning_rate': 0.01, 'max_depth': 3, 'n_estimators': 50, 'subsample': 1.0}",0.6308971973259223,0.6521957866271992,0.6501855930017257,0.6444261923182825,0.009601579687060264,158
67.15584468841553,1.8514584029318268,0.12568744023640951,0.0010727685466340418,1.0,0.01,5,30,0.6,"{'colsample_bytree': 1.0, 'learning_rate': 0.01, 'max_depth': 5, 'n_estimators': 30, 'subsample': 0.6}",0.6755756326765832,0.6871126273118888,0.6864105452325308,0.6830329350736676,0.005280893175256734,139
75.05315963427226,1.9526365264138528,0.12122305234273274,0.006550711990002451,1.0,0.01,5,30,0.8,"{'colsample_bytree': 1.0, 'learning_rate': 0.01, 'max_depth': 5, 'n_estimators': 30, 'subsample': 0.8}",0.6709838775813508,0.6883782109250873,0.6875151257110265,0.6822924047391549,0.008004095571675649,141
76.8174467086792,3.8331675105802265,0.1163342793782552,0.0032582728261163563,1.0,0.01,5,30,1.0,"{'colsample_bytree': 1.0, 'learning_rate': 0.01, 'max_depth': 5, 'n_estimators': 30, 'subsample': 1.0}",0.6677534525375605,0.6847747166976954,0.6859686839678645,0.6794989510677069,0.008319613021922384,144
113.70527402559917,2.8986314456090874,0.20551164944966635,0.014386979230941925,1.0,0.01,5,50,0.6,"{'colsample_bytree': 1.0, 'learning_rate': 0.01, 'max_depth': 5, 'n_estimators': 50, 'subsample': 0.6}",0.6835972190063387,0.6958575828091216,0.6979369898309469,0.6924639305488024,0.00632692203068484,127
120.10153237978618,3.4426321753738787,0.18512137730916342,0.005578610660820591,1.0,0.01,5,50,0.8,"{'colsample_bytree': 1.0, 'learning_rate': 0.01, 'max_depth': 5, 'n_estimators': 50, 'subsample': 0.8}",0.6817692957535677,0.6950241943024313,0.6989788769658415,0.6919241223406135,0.007359812316529024,128
125.93673300743103,3.8726798558750746,0.19202097256978354,0.019052925378698765,1.0,0.01,5,50,1.0,"{'colsample_bytree': 1.0, 'learning_rate': 0.01, 'max_depth': 5, 'n_estimators': 50, 'subsample': 1.0}",0.680037018230004,0.6934757896344402,0.700318725668718,0.6912771778443872,0.008424659617650898,129
131.4547437032064,4.3781947048498004,0.257065216700236,0.013135012062778194,1.0,0.01,10,30,0.6,"{'colsample_bytree': 1.0, 'learning_rate': 0.01, 'max_depth': 10, 'n_estimators': 30, 'subsample': 0.6}",0.7116045651411452,0.7223202452053401,0.727714470125262,0.7205464268239158,0.006695375687095629,96
141.27358158429465,2.6262654869798436,0.26315005620320636,0.0050693380719971995,1.0,0.01,10,30,0.8,"{'colsample_bytree': 1.0, 'learning_rate': 0.01, 'max_depth': 10, 'n_estimators': 30, 'subsample': 0.8}",0.7131415488573077,0.7270981809823498,0.732013275017974,0.7240843349525439,0.007993662614401756,90
153.52193562189737,4.1634006672715955,0.26816026369730633,0.00660445526487106,1.0,0.01,10,30,1.0,"{'colsample_bytree': 1.0, 'learning_rate': 0.01, 'max_depth': 10, 'n_estimators': 30, 'subsample': 1.0}",0.7086942784531434,0.7260878180867604,0.7296217574870285,0.7214679513423108,0.009146847224801167,94
224.62279311815897,6.4182855964258785,0.4514932632446289,0.01628694921165398,1.0,0.01,10,50,0.6,"{'colsample_bytree': 1.0, 'learning_rate': 0.01, 'max_depth': 10, 'n_estimators': 50, 'subsample': 0.6}",0.7198564360772309,0.7325299539440775,0.738164937105908,0.730183775709072,0.007656314026652649,81
240.22955179214478,5.587689404355605,0.4385054111480713,0.026249873054194208,1.0,0.01,10,50,0.8,"{'colsample_bytree': 1.0, 'learning_rate': 0.01, 'max_depth': 10, 'n_estimators': 50, 'subsample': 0.8}",0.72091000061824,0.7366254896561709,0.7418720302863626,0.7331358401869245,0.008906361472396103,72
255.42799337704977,8.949220655253498,0.4403897126515706,0.013248230676858761,1.0,0.01,10,50,1.0,"{'colsample_bytree': 1.0, 'learning_rate': 0.01, 'max_depth': 10, 'n_estimators': 50, 'subsample': 1.0}",0.7179549713326525,0.7345587039854645,0.7402848251176425,0.7309328334785866,0.009469804475779622,77
42.21589334805807,1.470032012083054,0.08099571863810222,0.0052964620622126405,1.0,0.05,3,30,0.6,"{'colsample_bytree': 1.0, 'learning_rate': 0.05, 'max_depth': 3, 'n_estimators': 30, 'subsample': 0.6}",0.671347292953953,0.6886643289804718,0.6872905051576277,0.6824340423640175,0.007859552885299412,140
44.10661737124125,1.143867188605683,0.08225417137145996,0.0008039076641792917,1.0,0.05,3,30,0.8,"{'colsample_bytree': 1.0, 'learning_rate': 0.05, 'max_depth': 3, 'n_estimators': 30, 'subsample': 0.8}",0.6688187872346102,0.6872902310197357,0.6888537962605782,0.6816542715049748,0.009098477030312047,142
46.251484314600624,1.578263798183799,0.08494456609090169,0.007340290893791586,1.0,0.05,3,30,1.0,"{'colsample_bytree': 1.0, 'learning_rate': 0.05, 'max_depth': 3, 'n_estimators': 30, 'subsample': 1.0}",0.6680070482294403,0.6847636354047146,0.687312631521635,0.6800277717185966,0.008563398476581777,143
68.054279088974,2.37797635230128,0.12534308433532715,0.004825266917745364,1.0,0.05,3,50,0.6,"{'colsample_bytree': 1.0, 'learning_rate': 0.05, 'max_depth': 3, 'n_estimators': 50, 'subsample': 0.6}",0.6881687733267434,0.7080938189759043,0.7066264851304914,0.7009630258110464,0.009066713466578093,119
72.67759267489116,1.7439558157295358,0.13083394368489584,0.010033473828727648,1.0,0.05,3,50,0.8,"{'colsample_bytree': 1.0, 'learning_rate': 0.05, 'max_depth': 3, 'n_estimators': 50, 'subsample': 0.8}",0.6876320483910965,0.7079881949717914,0.7087440845761158,0.701454775979668,0.009779014632172702,118
76.44744729995728,2.8053676854438443,0.11793271700541179,0.003149667164467743,1.0,0.05,3,50,1.0,"{'colsample_bytree': 1.0, 'learning_rate': 0.05, 'max_depth': 3, 'n_estimators': 50, 'subsample': 1.0}",0.6843685201305115,0.7045298175716052,0.7052395455047742,0.6980459610689635,0.009675750492973458,124
68.3720633983612,1.9377659500817546,0.1266141732533773,0.0015058627974429636,1.0,0.05,5,30,0.6,"{'colsample_bytree': 1.0, 'learning_rate': 0.05, 'max_depth': 5, 'n_estimators': 30, 'subsample': 0.6}",0.703892556288302,0.7225732718535112,0.7239375634038029,0.7168011305152054,0.009144717574904607,99
72.0740004380544,1.7753501895076975,0.13093972206115723,0.004483322901532511,1.0,0.05,5,30,0.8,"{'colsample_bytree': 1.0, 'learning_rate': 0.05, 'max_depth': 5, 'n_estimators': 30, 'subsample': 0.8}",0.7058446623960026,0.7235146160294662,0.7266380253762446,0.7186657679339045,0.009155125409568797,97
76.74076104164124,2.3439818441368296,0.1309659481048584,0.002949064956919474,1.0,0.05,5,30,1.0,"{'colsample_bytree': 1.0, 'learning_rate': 0.05, 'max_depth': 5, 'n_estimators': 30, 'subsample': 1.0}",0.7062635463657196,0.7235487615927413,0.7254400721699333,0.7184174600427982,0.00862873019539011,98
111.88806239763896,3.457333782876366,0.19793128967285156,0.010939487604855328,1.0,0.05,5,50,0.6,"{'colsample_bytree': 1.0, 'learning_rate': 0.05, 'max_depth': 5, 'n_estimators': 50, 'subsample': 0.6}",0.7203208870518331,0.7389031971366926,0.7414152276359268,0.7335464372748176,0.009407938432791162,71
119.23789358139038,2.7004740836862386,0.2109363079071045,0.007073914687232123,1.0,0.05,5,50,0.8,"{'colsample_bytree': 1.0, 'learning_rate': 0.05, 'max_depth': 5, 'n_estimators': 50, 'subsample': 0.8}",0.720595305749333,0.7401052629998486,0.7429733422958944,0.7345579703483587,0.009942282492491876,69
126.93698072433472,3.922813087185435,0.19843498865763345,0.002718223881697158,1.0,0.05,5,50,1.0,"{'colsample_bytree': 1.0, 'learning_rate': 0.05, 'max_depth': 5, 'n_estimators': 50, 'subsample': 1.0}",0.7178318318460356,0.738761282998263,0.7419816775869347,0.7328582641437444,0.010706321684715275,74
131.63149563471475,4.049905016672831,0.25934886932373047,0.00423608812456699,1.0,0.05,10,30,0.6,"{'colsample_bytree': 1.0, 'learning_rate': 0.05, 'max_depth': 10, 'n_estimators': 30, 'subsample': 0.6}",0.7381739345702142,0.7536890711767337,0.7587956070864019,0.7502195376111166,0.008768944889530358,45
137.10694225629172,4.178876417999893,0.2531096935272217,0.0023426179494579935,1.0,0.05,10,30,0.8,"{'colsample_bytree': 1.0, 'learning_rate': 0.05, 'max_depth': 10, 'n_estimators': 30, 'subsample': 0.8}",0.7396251501149393,0.7578206835518403,0.7649884438828971,0.7541447591832254,0.010675782021715095,43
146.0175589720408,4.369400173342717,0.26742060979207355,0.010302509554097486,1.0,0.05,10,30,1.0,"{'colsample_bytree': 1.0, 'learning_rate': 0.05, 'max_depth': 10, 'n_estimators': 30, 'subsample': 1.0}",0.739678750026069,0.7573932061845362,0.765090288730839,0.754054081647148,0.010639514066069822,44
208.93756492932638,5.315945451307015,0.4371956984202067,0.015126339139072797,1.0,0.05,10,50,0.6,"{'colsample_bytree': 1.0, 'learning_rate': 0.05, 'max_depth': 10, 'n_estimators': 50, 'subsample': 0.6}",0.7486438915205398,0.7657904768537299,0.774295499463346,0.762909955945872,0.010668467495015856,28
228.9482043584188,5.565846482296192,0.44603459040323895,0.010300165562310773,1.0,0.05,10,50,0.8,"{'colsample_bytree': 1.0, 'learning_rate': 0.05, 'max_depth': 10, 'n_estimators': 50, 'subsample': 0.8}",0.7486745308905138,0.7693356184417784,0.7793575044822723,0.7657892179381882,0.012774817272197024,25
243.44445498784384,7.223112587055593,0.4399096965789795,0.003309670690884794,1.0,0.05,10,50,1.0,"{'colsample_bytree': 1.0, 'learning_rate': 0.05, 'max_depth': 10, 'n_estimators': 50, 'subsample': 1.0}",0.7496108358912279,0.767972797977682,0.7773676511804942,0.7649837616831348,0.011527097125995572,26
40.85470740000407,1.479444219190481,0.07951831817626953,0.0034515567487899473,1.0,0.1,3,30,0.6,"{'colsample_bytree': 1.0, 'learning_rate': 0.1, 'max_depth': 3, 'n_estimators': 30, 'subsample': 0.6}",0.6958025559963773,0.7144379346055084,0.7145843837557924,0.708274958119226,0.00881952277144048,107
42.83396331469218,0.9959142104487951,0.08049201965332031,0.002163381870982161,1.0,0.1,3,30,0.8,"{'colsample_bytree': 1.0, 'learning_rate': 0.1, 'max_depth': 3, 'n_estimators': 30, 'subsample': 0.8}",0.6976641640133152,0.7157097557789105,0.7141953299093369,0.709189749900521,0.00817323758621694,104
44.84665036201477,1.6277297717751842,0.07712141672770183,0.0034851749336444835,1.0,0.1,3,30,1.0,"{'colsample_bytree': 1.0, 'learning_rate': 0.1, 'max_depth': 3, 'n_estimators': 30, 'subsample': 1.0}",0.6935877789806255,0.7156783343547612,0.7145371997593158,0.7079344376982343,0.010155310903196862,108
65.87185565630595,1.9046436165991432,0.1312270164489746,0.007305205446477613,1.0,0.1,3,50,0.6,"{'colsample_bytree': 1.0, 'learning_rate': 0.1, 'max_depth': 3, 'n_estimators': 50, 'subsample': 0.6}",0.7164893002535401,0.7366076521743301,0.73780874557663,0.7303018993348335,0.009779283422135148,80
70.26184050242107,1.506814886482777,0.12001641591389973,0.0010788526206851519,1.0,0.1,3,50,0.8,"{'colsample_bytree': 1.0, 'learning_rate': 0.1, 'max_depth': 3, 'n_estimators': 50, 'subsample': 0.8}",0.7173900116719835,0.7357162942056462,0.7383353022036437,0.7304805360270912,0.009317945826634543,79
73.1951876481374,2.754437534055048,0.12343629201253255,0.0026945409301888283,1.0,0.1,3,50,1.0,"{'colsample_bytree': 1.0, 'learning_rate': 0.1, 'max_depth': 3, 'n_estimators': 50, 'subsample': 1.0}",0.7147290437852378,0.7350918346974628,0.7367573064157594,0.7288593949661534,0.010014774664900911,85
65.5618789990743,1.7536508102071706,0.130126953125,0.006924554463738628,1.0,0.1,5,30,0.6,"{'colsample_bytree': 1.0, 'learning_rate': 0.1, 'max_depth': 5, 'n_estimators': 30, 'subsample': 0.6}",0.724416307107674,0.7437730894981184,0.7476323235583695,0.7386072400547207,0.010157439156061284,60
70.72995932896931,1.6960200563614702,0.12360421816507976,0.0038630144034184468,1.0,0.1,5,30,0.8,"{'colsample_bytree': 1.0, 'learning_rate': 0.1, 'max_depth': 5, 'n_estimators': 30, 'subsample': 0.8}",0.7271029545651992,0.7446093193298583,0.7495163913315589,0.7404095550755388,0.009620084953325359,54
74.19621507326762,2.6942576256865625,0.1268622875213623,0.003355683718082782,1.0,0.1,5,30,1.0,"{'colsample_bytree': 1.0, 'learning_rate': 0.1, 'max_depth': 5, 'n_estimators': 30, 'subsample': 1.0}",0.7259437792452879,0.7456145278077497,0.7487337577892356,0.7400973549474243,0.010088778511674315,57
107.18431695302327,2.745502396033734,0.2192693551381429,0.02239009184975365,1.0,0.1,5,50,0.6,"{'colsample_bytree': 1.0, 'learning_rate': 0.1, 'max_depth': 5, 'n_estimators': 50, 'subsample': 0.6}",0.740826306597738,0.7627461981829573,0.7683666404101495,0.7573130483969482,0.011881549676499042,37
114.22154792149861,2.342463131791197,0.20511500040690103,0.0024860670679188682,1.0,0.1,5,50,0.8,"{'colsample_bytree': 1.0, 'learning_rate': 0.1, 'max_depth': 5, 'n_estimators': 50, 'subsample': 0.8}",0.7432235798135438,0.7635489877419313,0.7693104904776491,0.758694352677708,0.011189499190590601,32
121.080912510554,3.96986351636114,0.20101165771484375,0.013846731395086038,1.0,0.1,5,50,1.0,"{'colsample_bytree': 1.0, 'learning_rate': 0.1, 'max_depth': 5, 'n_estimators': 50, 'subsample': 1.0}",0.7417650880845611,0.761625907156128,0.7665518616985795,0.7566476189797561,0.010713964452165589,40
127.6351302464803,3.9593064666434934,0.2652267615000407,0.008980437295625792,1.0,0.1,10,30,0.6,"{'colsample_bytree': 1.0, 'learning_rate': 0.1, 'max_depth': 10, 'n_estimators': 30, 'subsample': 0.6}",0.7523608279553778,0.771589811450621,0.7778332891173452,0.7672613095077813,0.010840157324007758,23
135.70401485761008,3.9834653610392063,0.2614269256591797,0.0038850871330079603,1.0,0.1,10,30,0.8,"{'colsample_bytree': 1.0, 'learning_rate': 0.1, 'max_depth': 10, 'n_estimators': 30, 'subsample': 0.8}",0.7545330226121965,0.7740374238513497,0.7825967540597453,0.7703890668410972,0.011743824968772004,16
142.97123265266418,4.228338669752445,0.2664449214935303,0.007290615752891634,1.0,0.1,10,30,1.0,"{'colsample_bytree': 1.0, 'learning_rate': 0.1, 'max_depth': 10, 'n_estimators': 30, 'subsample': 1.0}",0.7538651476915113,0.7741917416639497,0.7838631348677163,0.7706400080743924,0.012501491038387718,15
205.76752948760986,4.3944149753316255,0.44364579518636066,0.008078868323703605,1.0,0.1,10,50,0.6,"{'colsample_bytree': 1.0, 'learning_rate': 0.1, 'max_depth': 10, 'n_estimators': 50, 'subsample': 0.6}",0.7654132623053094,0.7845531370399902,0.792301440340817,0.7807559465620387,0.011300664321524684,9
220.44500255584717,4.266879683910557,0.46010581652323407,0.017172196420992134,1.0,0.1,10,50,0.8,"{'colsample_bytree': 1.0, 'learning_rate': 0.1, 'max_depth': 10, 'n_estimators': 50, 'subsample': 0.8}",0.7673871914263145,0.7877949658976394,0.7957067280230852,0.7836296284490131,0.011930676575105463,6
206.10603992144266,20.33087386729911,0.3585686683654785,0.00783499205467261,1.0,0.1,10,50,1.0,"{'colsample_bytree': 1.0, 'learning_rate': 0.1, 'max_depth': 10, 'n_estimators': 50, 'subsample': 1.0}",0.7667552900960591,0.7893572534016948,0.795290940598679,0.7838011613654777,0.01229426577550429,5
